[{"id":"6281278478110@s.whatsapp.net","time":1624653627637,"reason":"Nothing."},{"id":"6285624725422@s.whatsapp.net","time":1624866193234,"reason":"Nothing."},{"id":"6282225829451@s.whatsapp.net","time":1624872963359,"reason":"sedang mandi"},{"id":"62895359565236@s.whatsapp.net","time":1624932436187,"reason":"mau mencari kitab suci yang baru yang lama dah gak enak"},{"id":"6283896985125@s.whatsapp.net","time":1624943759763,"reason":"tidur"},{"id":"6289692599979@s.whatsapp.net","time":1625098771096,"reason":"comly"},{"id":"6281393763149@s.whatsapp.net","time":1625107967274,"reason":"lanjut Molor"},{"id":"6287760884187@s.whatsapp.net","time":1625200225058,"reason":"tidur"},{"id":"6285389601841@s.whatsapp.net","time":1625347538294,"reason":"mkn"},{"id":"6288210271811@s.whatsapp.net","time":1625380254009,"reason":"mau coli"},{"id":"62895626914138@s.whatsapp.net","time":1625380591728,"reason":"botnya.... Ah sudahlah"},{"id":"6283161525348@s.whatsapp.net","time":1625381594510,"reason":"Nothing."},{"id":"6281381208519@s.whatsapp.net","time":1625489771393,"reason":"Nothing."},{"id":"19099154604@s.whatsapp.net","time":1625572277200,"reason":"makan dulu ntar"},{"id":"62895379573880@s.whatsapp.net","time":1625825604247,"reason":"Nothing."},{"id":"6282188250312@s.whatsapp.net","time":1625825687172,"reason":"ngomcok"},{"id":"6283155389449@s.whatsapp.net","time":1625831130617,"reason":"ngewe"},{"id":"601131403089@s.whatsapp.net","time":1625837980424,"reason":"ngewibu"},{"id":"6285870843736@s.whatsapp.net","time":1625846792817,"reason":"bobo ama doi"},{"id":"6285817414657@s.whatsapp.net","time":1625855463054,"reason":"Nothing."},{"id":"62881022397098@s.whatsapp.net","time":1625892885902,"reason":"ngedit"},{"id":"6281933972808@s.whatsapp.net","time":1625900104569,"reason":"Nothing."},{"id":"6287729860010@s.whatsapp.net","time":1625910351282,"reason":"GA USAH TAG ANJ"},{"id":"6289514791129@s.whatsapp.net","time":1625911989868,"reason":"khzrh"},{"id":"6285722453095@s.whatsapp.net","time":1625913995363,"reason":"Nothing."}]