[{"id":"5493884725288@s.whatsapp.net","expired":"PERMANENT"},{"id":"62851577296390@s.whatsapp.net","expired":"PERMANENT"},{"id":"6283823742094@s.whatsapp.net","expired":"PERMANENT"},{"id":"14153587069@s.whatsapp.net","expired":"PERMANENT"},{"id":"6283190752008@s.whatsapp.net","expired":"PERMANENT"},{"id":"6285546738821@s.whatsapp.net","expired":"PERMANENT"},{"id":"6283141630208@s.whatsapp.net","expired":"PERMANENT"},{"id":"6283141630208@s.whatsapp.net","expired":"PERMANENT"},{"id":"6285735338148@s.whatsapp.net","expired":"PERMANENT"}]