[{"id":"6285158549166@s.whatsapp.net","limit":1},{"id":"6282136373819@s.whatsapp.net","glimit":25},{"id":"6282335628178@s.whatsapp.net","glimit":2},{"id":"6285770339985@s.whatsapp.net","limit":2},{"id":"6281257912943@s.whatsapp.net","limit":1},{"id":"6285345604120@s.whatsapp.net","limit":3},{"id":"62895359255234@s.whatsapp.net","limit":1},{"id":"6283843057707@s.whatsapp.net","limit":1},{"id":"6285785973002@s.whatsapp.net","glimit":6},{"id":"6281345930958@s.whatsapp.net","limit":1},{"id":"6285696176305@s.whatsapp.net","glimit":4},{"id":"6287823989992@s.whatsapp.net","glimit":0},{"id":"6281806173338@s.whatsapp.net","glimit":19},{"id":"6282114988982@s.whatsapp.net","glimit":1},{"id":"6285820802551@s.whatsapp.net","glimit":1},{"id":"6287884636263@s.whatsapp.net","glimit":5},{"id":"628562244482@s.whatsapp.net","glimit":3},{"id":"6283142779480@s.whatsapp.net","glimit":1},{"id":"628976448241@s.whatsapp.net","glimit":1},{"id":"6281326066645@s.whatsapp.net","glimit":25},{"id":"6287887162475@s.whatsapp.net","glimit":1},{"id":"6281249158276@s.whatsapp.net","glimit":1},{"id":"62895366373814@s.whatsapp.net","glimit":1},{"id":"6283842125478@s.whatsapp.net","glimit":3},{"id":"6285868154205@s.whatsapp.net","glimit":1},{"id":"6285784776844@s.whatsapp.net","glimit":7},{"id":"6281283308792@s.whatsapp.net","glimit":15},{"id":"62895343303817@s.whatsapp.net","glimit":2},{"id":"62895700715397@s.whatsapp.net","glimit":10},{"id":"6287829998138@s.whatsapp.net","glimit":1},{"id":"6285278530829@s.whatsapp.net","glimit":1},{"id":"6282316543261@s.whatsapp.net","glimit":1},{"id":"6281280879434@s.whatsapp.net","glimit":3},{"id":"6285784410263@s.whatsapp.net","glimit":2},{"id":"62895377134441@s.whatsapp.net","glimit":5},{"id":"6281524633549@s.whatsapp.net","glimit":1},{"id":"6285935333357@s.whatsapp.net","glimit":24},{"id":"6289668770201@s.whatsapp.net","glimit":1},{"id":"62895366738844@s.whatsapp.net","glimit":25},{"id":"6283814722712@s.whatsapp.net","glimit":1},{"id":"6285806829009@s.whatsapp.net","glimit":1}]