[{"id":"6285158549166@s.whatsapp.net","limit":6},{"id":"6282136373819@s.whatsapp.net","glimit":9,"limit":null},{"id":"6282335628178@s.whatsapp.net","glimit":2},{"id":"6285770339985@s.whatsapp.net","limit":4},{"id":"6281257912943@s.whatsapp.net","limit":1},{"id":"6285345604120@s.whatsapp.net","limit":3},{"id":"62895359255234@s.whatsapp.net","limit":20},{"id":"6283843057707@s.whatsapp.net","limit":3},{"id":"6285785973002@s.whatsapp.net","glimit":3},{"id":"6281345930958@s.whatsapp.net","limit":10},{"id":"6281345025069@s.whatsapp.net","limit":2},{"id":"6285157082821@s.whatsapp.net","limit":2},{"id":"6289530053190@s.whatsapp.net","limit":17},{"id":"6285809306952@s.whatsapp.net","limit":3},{"id":"628819389174@s.whatsapp.net","limit":3},{"id":"6289654399630@s.whatsapp.net","limit":1},{"id":"6288802836634@s.whatsapp.net","limit":18},{"id":"6282151317104@s.whatsapp.net","limit":3},{"id":"6285780539326@s.whatsapp.net","limit":11},{"id":"6282334026472@s.whatsapp.net","limit":1},{"id":"628992077500@s.whatsapp.net","limit":2},{"id":"6281806173338@s.whatsapp.net","limit":-2},{"id":"6281249158276@s.whatsapp.net","limit":1},{"id":"6282238769908@s.whatsapp.net","limit":1},{"id":"6283831833312@s.whatsapp.net","limit":1},{"id":"265997009222@s.whatsapp.net","limit":2},{"id":"6283824053420@s.whatsapp.net","limit":1},{"id":"6281809363639@s.whatsapp.net","limit":1},{"id":"6285283427860@s.whatsapp.net","limit":1},{"id":"60164263460@s.whatsapp.net","limit":20},{"id":"6285706784652@s.whatsapp.net","limit":7},{"id":"6285348685934@s.whatsapp.net","limit":1},{"id":"265882326924@s.whatsapp.net","limit":2},{"id":"263714938391@s.whatsapp.net","limit":5},{"id":"27760908363@s.whatsapp.net","limit":1},{"id":"6281215665946@s.whatsapp.net","limit":1},{"id":"27785832578@s.whatsapp.net","limit":0},{"id":"6283802635642@s.whatsapp.net","limit":2},{"id":"6281280879434@s.whatsapp.net","limit":5},{"id":"6282195322106@s.whatsapp.net","limit":1},{"id":"6289519245249@s.whatsapp.net","limit":7},{"id":"6283193747890@s.whatsapp.net","limit":7},{"id":"6285721586979@s.whatsapp.net","limit":2},{"id":"6285857260274@s.whatsapp.net","limit":2},{"id":"6285852572633@s.whatsapp.net","limit":5},{"id":"6281943470550@s.whatsapp.net","limit":1},{"id":"6287766691597@s.whatsapp.net","limit":5},{"id":"6289524774052@s.whatsapp.net","limit":4},{"id":"6285700080469@s.whatsapp.net","limit":3},{"id":"6287806923281@s.whatsapp.net","limit":0},{"id":"6282151378918@s.whatsapp.net","limit":6},{"id":"6281992535848@s.whatsapp.net","limit":2},{"id":"6282252126365@s.whatsapp.net","limit":2},{"id":"6283119955786@s.whatsapp.net","limit":1},{"id":"6289623277353@s.whatsapp.net","limit":1},{"id":"628562244482@s.whatsapp.net","limit":1},{"id":"27685386786@s.whatsapp.net","limit":1},{"id":"601112206319@s.whatsapp.net","limit":3},{"id":"6285752821400@s.whatsapp.net","limit":1},{"id":"6282268436216@s.whatsapp.net","limit":4},{"id":"6287829998138@s.whatsapp.net","limit":3},{"id":"628991128572@s.whatsapp.net","limit":10},{"id":"27797448837@s.whatsapp.net","limit":1},{"id":"6282171809367@s.whatsapp.net","limit":1},{"id":"27636264333@s.whatsapp.net","limit":6},{"id":"6289624844374@s.whatsapp.net","limit":2},{"id":"6281223124760@s.whatsapp.net","limit":6},{"id":"6282354549552@s.whatsapp.net","limit":1},{"id":"27634847210@s.whatsapp.net","limit":10},{"id":"263718095809@s.whatsapp.net","limit":1},{"id":"628819840557@s.whatsapp.net","limit":1},{"id":"6283808296179@s.whatsapp.net","limit":1},{"id":"6282131090624@s.whatsapp.net","limit":2},{"id":"6283843038301@s.whatsapp.net","limit":2},{"id":"6285658844882@s.whatsapp.net","limit":5},{"id":"628976448241@s.whatsapp.net","limit":1},{"id":"6285360174040@s.whatsapp.net","limit":5},{"id":"6282331018914@s.whatsapp.net","limit":4},{"id":"6283157730828@s.whatsapp.net","limit":3},{"id":"27683019377@s.whatsapp.net","limit":0},{"id":"6281347309568@s.whatsapp.net","limit":1},{"id":"6283129307111@s.whatsapp.net","limit":1},{"id":"6285783003384@s.whatsapp.net","limit":1},{"id":"6283842125478@s.whatsapp.net","limit":2},{"id":"6283111333732@s.whatsapp.net","limit":1},{"id":"6283157983777@s.whatsapp.net","limit":1},{"id":"6285863013433@s.whatsapp.net","limit":3},{"id":"6287755828663@s.whatsapp.net","limit":1},{"id":"6282124237863@s.whatsapp.net","limit":1},{"id":"6285784776844@s.whatsapp.net","limit":15},{"id":"6285868154205@s.whatsapp.net","limit":9},{"id":"6281217531151@s.whatsapp.net","limit":3},{"id":"6283843156856@s.whatsapp.net","limit":1},{"id":"6282377363316@s.whatsapp.net","limit":4},{"id":"62895363458735@s.whatsapp.net","limit":7},{"id":"6285346565191@s.whatsapp.net","limit":1},{"id":"6285216703236@s.whatsapp.net","limit":1},{"id":"6285822512926@s.whatsapp.net","limit":2},{"id":"6287750635214@s.whatsapp.net","limit":-4},{"id":"16162713046@s.whatsapp.net","limit":1},{"id":"6289636912855@s.whatsapp.net","limit":2},{"id":"6287784720840@s.whatsapp.net","limit":1},{"id":"62895358130329@s.whatsapp.net","limit":2},{"id":"6287749065301@s.whatsapp.net","limit":12},{"id":"6288215723570@s.whatsapp.net","limit":1},{"id":"6283192644480@s.whatsapp.net","limit":1},{"id":"6285880088771@s.whatsapp.net","limit":14},{"id":"6283159823988@s.whatsapp.net","limit":2},{"id":"6283807111239@s.whatsapp.net","limit":20},{"id":"6289687791451@s.whatsapp.net","limit":1},{"id":"6285399052734@s.whatsapp.net","limit":4},{"id":"6285798517845@s.whatsapp.net","limit":2},{"id":"6285842894681@s.whatsapp.net","limit":2},{"id":"6281280326964@s.whatsapp.net","limit":20},{"id":"6281524633549@s.whatsapp.net","limit":17},{"id":"6285213514469@s.whatsapp.net","limit":1},{"id":"6287864052433@s.whatsapp.net","limit":1},{"id":"6282116015891@s.whatsapp.net","limit":2},{"id":"6282159313855@s.whatsapp.net","limit":2},{"id":"6285248740342@s.whatsapp.net","limit":1},{"id":"6288232052317@s.whatsapp.net","limit":1},{"id":"6287799021610@s.whatsapp.net","limit":2},{"id":"6281258829393@s.whatsapp.net","limit":1},{"id":"6285774806862@s.whatsapp.net","limit":3},{"id":"6289663688118@s.whatsapp.net","limit":3},{"id":"6283832563673@s.whatsapp.net","limit":1},{"id":"6283142478896@s.whatsapp.net","limit":1},{"id":"6287730790894@s.whatsapp.net","limit":1},{"id":"6289635070730@s.whatsapp.net","limit":1},{"id":"6281911320136@s.whatsapp.net","limit":1},{"id":"6283867829755@s.whatsapp.net","limit":4},{"id":"6282347414643@s.whatsapp.net","limit":4},{"id":"6283809349493@s.whatsapp.net","limit":4},{"id":"6282324936466@s.whatsapp.net","limit":2},{"id":"628812904283@s.whatsapp.net","limit":4},{"id":"6281257735703@s.whatsapp.net","limit":0},{"id":"6287772358870@s.whatsapp.net","limit":1},{"id":"6283853152230@s.whatsapp.net","limit":2},{"id":"6285753810445@s.whatsapp.net","limit":2},{"id":"62895366738844@s.whatsapp.net","limit":-1},{"id":"6281232803430@s.whatsapp.net","limit":1},{"id":"6287805456249@s.whatsapp.net","limit":1},{"id":"6285645319608@s.whatsapp.net","limit":1},{"id":"6285329307397@s.whatsapp.net","limit":3},{"id":"6287864377804@s.whatsapp.net","limit":3},{"id":"6285722453095@s.whatsapp.net","limit":2},{"id":"62895341562351@s.whatsapp.net","limit":1},{"id":"6289685874818@s.whatsapp.net","limit":1},{"id":"6288233221941@s.whatsapp.net","limit":4},{"id":"6281312527128@s.whatsapp.net","limit":5},{"id":"6283876537680@s.whatsapp.net","limit":5},{"id":"6289508813200@s.whatsapp.net","limit":4},{"id":"6289525384343@s.whatsapp.net","limit":3},{"id":"6281359603634@s.whatsapp.net","limit":1},{"id":"265991603447@s.whatsapp.net","limit":2},{"id":"6583350824@s.whatsapp.net","limit":1},{"id":"628886234378@s.whatsapp.net","limit":1},{"id":"6281286012375@s.whatsapp.net","limit":2},{"id":"6288808927120@s.whatsapp.net","limit":1},{"id":"6288226898572@s.whatsapp.net","limit":2},{"id":"27662077548@s.whatsapp.net","limit":1},{"id":"27655404981@s.whatsapp.net","limit":1},{"id":"6281515524656@s.whatsapp.net","limit":1}]