[{"txt":"makar","resp":"⣿⣿⣿⠿⠿⠿⠿⠿⠿⣿⣿⣿⣿⣿⣿⡿⠟⠛⠛⠿⠿⠛⢿⣿⣿\n⣿⣿⢡⡄⣀⣂⣀⣂⠀⠈⠹⣿⣿⡿⠉⠀⠀⣀⣤⣤⣄⠀⢀⣿⣿\n⣿⣿⣮⡤⢋⡉⠉⠉⠙⠈⢸⣿⣿⡇⠀⠀⡀⣀⠀⠠⠈⠙⢦⣿⣿\n⣿⣿⣿⣧⣤⣾⣷⣴⣾⣿⣿⣿⣿⣷⡀⠀⢿⣿⣶⣷⣿⣷⣶⣿⣿\n⣿⣿⣿⣿⣿⣿⣿⣿⣿⣿⣿⣿⣿⣿⣧⠀⠘⣿⣿⣿⣿⣿⣿⣿⣿\n⣿⣿⣿⣿⣿⣿⣿⣿⣿⣿⣿⣿⣿⣿⣿⣷⡙⡹⣿⣿⣿⣿⣿⣿⣿\n⣿⣿⣿⣿⣿⣿⣿⣿⣿⣿⣿⣿⠿⠿⠿⠛⠛⠢⢽⣿⣿⣿⣿⣿⣿\n⣿⣿⣿⣿⣿⣿⣿⣿⣿⣿⣿⣿⣤⣤⣤⣤⣄⣂⣀⣿⣿⣿⣿⣿⣿\n⣿⣿⣿⣿⣿⣿⣿⣿⣿⣿⣿⣿⣿⡿⠿⣿⡿⠿⢿⣿⣿⣿⣿⣿⣿\n⣿⣿⣿⣿⣿⣿⣿⣿⣿⣿⡏⠉⠁⠀⠀⠀⠁⠀⠀⠙⠻⣿⣿⣿⣿\n⣿⣿⣿⣿⣿⣿⣿⣿⣿⣿⣷⣤⣶⣶⠶⠿⣿⣷⠆⡀⢠⣿⣿⣿⣿\n⣿⣿⣿⣿⣿⣿⣿⣿⣿⣿⣿⣿⣿⣿⣶⣤⣤⣤⣤⣷⣿⣿⣿⣿⣿\n⣿⣿⣿⣿⣿⣿⣿⣿⣿⣿⣿⣿⣿⣿⣿⣿⣿⣿⣿⣿⣿⣿⣿⣿⣿"},{"txt":"ptes","resp":"yoi"},{"txt":"Apakabar ","resp":" Baik"}]