[{"id":"6285267581586@s.whatsapp.net","count":2},{"id":"6285697662826@s.whatsapp.net","count":2},{"id":"6282182436857@s.whatsapp.net","count":4},{"id":"6281227893955@s.whatsapp.net","count":2},{"id":"6287899248136@s.whatsapp.net","count":2},{"id":"6285795130118@s.whatsapp.net","count":2},{"id":"6285711795996@s.whatsapp.net","count":2},{"id":"6282301133993@s.whatsapp.net","count":2},{"id":"6288276579284@s.whatsapp.net","count":2},{"id":"6285782761942@s.whatsapp.net","count":2},{"id":"6285880088771@s.whatsapp.net","count":2}]