[
   {
      "SID": "BF67E614F8B5C2C9",
      "PAID": "09af6da4-328c-4b88-822b-891201c440e5",
      "data": {
         "status": true,
         "ID": "BF67E614F8B5C2C9",
         "session": "pay",
         "name": "-",
         "created_at": "2021-06-03T15:25:12.062Z",
         "number": "6285157226383@s.whatsapp.net",
         "data": {
            "name": "aqul",
            "bulan": "",
            "payment": "qris",
            "phone": "085157226383",
            "month": 1,
            "email": "zennn0805@gmail.com"
         }
      }
   },
   {
      "SID": "2D26E6EAB90F1080",
      "PAID": "",
      "data": {
         "status": false,
         "ID": "2D26E6EAB90F1080",
         "session": "name",
         "name": "-",
         "created_at": "2021-06-03T15:37:50.411Z",
         "number": "628886234378@s.whatsapp.net",
         "data": {
            "name": "",
            "bulan": "",
            "payment": "",
            "phone": ""
         }
      }
   },
   {
      "SID": "D8D5780C4ABF395A",
      "PAID": "a73661b3-6b9f-4506-912e-fc5bf7c6e256",
      "data": {
         "status": true,
         "ID": "D8D5780C4ABF395A",
         "session": "pay",
         "name": "-",
         "created_at": "2021-06-03T15:40:52.641Z",
         "number": "628886234378@s.whatsapp.net",
         "data": {
            "name": "diel",
            "bulan": "",
            "payment": "qris",
            "phone": "088886234378",
            "month": 1,
            "email": "zennn0805@gmail.com"
         }
      }
   },
   {
      "SID": "DEFFDAB7E3041D58",
      "PAID": "",
      "data": {
         "status": false,
         "ID": "DEFFDAB7E3041D58",
         "session": "name",
         "name": "-",
         "created_at": "2021-06-03T16:06:33.768Z",
         "number": "62895357313000@s.whatsapp.net",
         "data": {
            "name": "",
            "bulan": "",
            "payment": "",
            "phone": ""
         }
      }
   },
   {
      "SID": "F7C9305D673FFAC4",
      "PAID": "",
      "data": {
         "status": false,
         "ID": "F7C9305D673FFAC4",
         "session": "name",
         "name": "Али",
         "created_at": "2021-06-03T18:51:19.127Z",
         "number": "6281213584336@s.whatsapp.net",
         "data": {
            "name": "",
            "bulan": "",
            "payment": "",
            "phone": ""
         }
      }
   },
   {
      "SID": "3AC1D1AD2E85C343",
      "PAID": "",
      "data": {
         "status": false,
         "ID": "3AC1D1AD2E85C343",
         "session": "name",
         "name": "-",
         "created_at": "2021-06-04T00:58:50.797Z",
         "number": "6288292024190@s.whatsapp.net",
         "data": {
            "name": "",
            "bulan": "",
            "payment": "",
            "phone": ""
         }
      }
   },
   {
      "SID": "E9423EC95B1BECA0",
      "PAID": "",
      "data": {
         "status": false,
         "ID": "E9423EC95B1BECA0",
         "session": "name",
         "name": "BloodSword",
         "created_at": "2021-06-04T01:07:42.359Z",
         "number": "62881036690566@s.whatsapp.net",
         "data": {
            "name": "",
            "bulan": "",
            "payment": "",
            "phone": ""
         }
      }
   },
   {
      "SID": "DEF1C65A2716499A",
      "PAID": "",
      "data": {
         "status": false,
         "ID": "DEF1C65A2716499A",
         "session": "name",
         "name": "DEVILSTORE",
         "created_at": "2021-06-04T01:09:43.452Z",
         "number": "6288215463787@s.whatsapp.net",
         "data": {
            "name": "",
            "bulan": "",
            "payment": "",
            "phone": ""
         }
      }
   },
   {
      "SID": "B6BE0E47FFD0C8D3",
      "PAID": "",
      "data": {
         "status": false,
         "ID": "B6BE0E47FFD0C8D3",
         "session": "name",
         "name": "-",
         "created_at": "2021-06-04T07:25:14.797Z",
         "number": "6285559240360@s.whatsapp.net",
         "data": {
            "name": "",
            "bulan": "",
            "payment": "",
            "phone": ""
         }
      }
   },
   {
      "SID": "E3114707ACE9DD66",
      "PAID": "",
      "data": {
         "status": false,
         "ID": "E3114707ACE9DD66",
         "session": "name",
         "name": "FERGUSO GANS",
         "created_at": "2021-06-05T03:34:15.919Z",
         "number": "6289523996770@s.whatsapp.net",
         "data": {
            "name": "",
            "bulan": "",
            "payment": "",
            "phone": ""
         }
      }
   },
   {
      "SID": "8B020E6D61A13274",
      "PAID": "4b972112-dc52-408a-a69e-17cfa8c94f47",
      "data": {
         "status": true,
         "ID": "8B020E6D61A13274",
         "session": "pay",
         "name": "itsmestvn.",
         "created_at": "2021-06-05T04:57:14.355Z",
         "number": "62895368509771@s.whatsapp.net",
         "data": {
            "name": "Hikaru",
            "bulan": "",
            "payment": "gopay",
            "phone": "0895368509771",
            "month": 1,
            "email": "fathirsas@gmail.com"
         }
      }
   },
   {
      "SID": "C126E741140F4235",
      "PAID": "d2977765-8d8e-4213-be46-bfd6e8880b62",
      "data": {
         "status": true,
         "ID": "C126E741140F4235",
         "session": "pay",
         "name": "SADBOY",
         "created_at": "2021-06-05T12:44:19.465Z",
         "number": "6285794747983@s.whatsapp.net",
         "data": {
            "name": "Rizall",
            "bulan": "",
            "payment": "dana",
            "phone": "083861763403",
            "month": 12,
            "email": "zennn0805@gmail.com"
         }
      }
   },
   {
      "SID": "48601AFF6016D59B",
      "PAID": "",
      "data": {
         "status": false,
         "ID": "48601AFF6016D59B",
         "session": "name",
         "name": "My bot",
         "created_at": "2021-06-05T14:02:05.359Z",
         "number": "6285342850104@s.whatsapp.net",
         "data": {
            "name": "",
            "bulan": "",
            "payment": "",
            "phone": ""
         }
      }
   },
   {
      "SID": "11BA92DAFB729662",
      "PAID": "",
      "data": {
         "status": false,
         "ID": "11BA92DAFB729662",
         "session": "name",
         "name": "Ram lan ⚡",
         "created_at": "2021-06-05T16:11:56.167Z",
         "number": "6283832103106@s.whatsapp.net",
         "data": {
            "name": "",
            "bulan": "",
            "payment": "",
            "phone": ""
         }
      }
   },
   {
      "SID": "F8E0404F57EDAB57",
      "PAID": "",
      "data": {
         "status": false,
         "ID": "F8E0404F57EDAB57",
         "session": "name",
         "name": "ʟᴍᴀᴏ",
         "created_at": "2021-06-06T05:08:19.435Z",
         "number": "27672633675@s.whatsapp.net",
         "data": {
            "name": "",
            "bulan": "",
            "payment": "",
            "phone": ""
         }
      }
   },
   {
      "SID": "481F85B90F31A380",
      "PAID": "",
      "data": {
         "status": false,
         "ID": "481F85B90F31A380",
         "session": "name",
         "name": "null",
         "created_at": "2021-06-06T06:14:20.237Z",
         "number": "6281211607023@s.whatsapp.net",
         "data": {
            "name": "",
            "bulan": "",
            "payment": "",
            "phone": ""
         }
      }
   },
   {
      "SID": "75D1C672638AD837",
      "PAID": "",
      "data": {
         "status": false,
         "ID": "75D1C672638AD837",
         "session": "name",
         "name": "Pangestu",
         "created_at": "2021-06-06T06:36:17.563Z",
         "number": "62895331017791@s.whatsapp.net",
         "data": {
            "name": "",
            "bulan": "",
            "payment": "",
            "phone": ""
         }
      }
   }
]