[
   {
      "SID": "32331A3DD3097438",
      "PAID": "",
      "data": {
         "status": false,
         "ID": "32331A3DD3097438",
         "session": "name",
         "name": "𝚂𝚘𝚏𝚢𝚊𝚗⁴̅⁰͍⁴̵〆⁩",
         "created_at": "2021-06-04T01:10:17.389Z",
         "number": "6281227825649@s.whatsapp.net",
         "data": {
            "name": "",
            "bulan": "",
            "payment": "",
            "phone": "",
            "grouplink": ""
         }
      }
   },
   {
      "SID": "CD0D2C4A314307D3",
      "PAID": "",
      "data": {
         "status": false,
         "ID": "CD0D2C4A314307D3",
         "session": "name",
         "name": ",",
         "created_at": "2021-06-04T02:19:00.655Z",
         "number": "6288290236396@s.whatsapp.net",
         "data": {
            "name": "",
            "bulan": "",
            "payment": "",
            "phone": "",
            "grouplink": ""
         }
      }
   },
   {
      "SID": "26F0741BE0104306",
      "PAID": "",
      "data": {
         "status": false,
         "ID": "26F0741BE0104306",
         "session": "name",
         "name": "-",
         "created_at": "2021-06-04T07:26:04.344Z",
         "number": "6285559240360@s.whatsapp.net",
         "data": {
            "name": "",
            "bulan": "",
            "payment": "",
            "phone": "",
            "grouplink": ""
         }
      }
   },
   {
      "SID": "CBF334D77D4E28E6",
      "PAID": "",
      "data": {
         "status": false,
         "ID": "CBF334D77D4E28E6",
         "session": "name",
         "name": "BILL GANZ",
         "created_at": "2021-06-04T10:10:59.473Z",
         "number": "628998984055@s.whatsapp.net",
         "data": {
            "name": "",
            "bulan": "",
            "payment": "",
            "phone": "",
            "grouplink": ""
         }
      }
   },
   {
      "SID": "0086848C2BE644BF",
      "PAID": "",
      "data": {
         "status": false,
         "ID": "0086848C2BE644BF",
         "session": "name",
         "name": "JB RAMA GANZ",
         "created_at": "2021-06-04T11:54:34.141Z",
         "number": "6281260784894@s.whatsapp.net",
         "data": {
            "name": "",
            "bulan": "",
            "payment": "",
            "phone": "",
            "grouplink": ""
         }
      }
   },
   {
      "SID": "E2A6CB0EBAE97CAC",
      "PAID": "",
      "data": {
         "status": false,
         "ID": "E2A6CB0EBAE97CAC",
         "session": "name",
         "name": "Razz Bot",
         "created_at": "2021-06-05T06:19:46.051Z",
         "number": "60173465051@s.whatsapp.net",
         "data": {
            "name": "",
            "bulan": "",
            "payment": "",
            "phone": "",
            "grouplink": ""
         }
      }
   },
   {
      "SID": "A75CC20856944A7B",
      "PAID": "",
      "data": {
         "status": false,
         "ID": "A75CC20856944A7B",
         "session": "name",
         "name": ".",
         "created_at": "2021-06-05T11:54:15.470Z",
         "number": "6281240410228@s.whatsapp.net",
         "data": {
            "name": "",
            "bulan": "",
            "payment": "",
            "phone": "",
            "grouplink": ""
         }
      }
   },
   {
      "SID": "425951B21D69E9A9",
      "PAID": "",
      "data": {
         "status": false,
         "ID": "425951B21D69E9A9",
         "session": "name",
         "name": "RANZ BOTZ",
         "created_at": "2021-06-05T11:57:36.344Z",
         "number": "6288268309364@s.whatsapp.net",
         "data": {
            "name": "",
            "bulan": "",
            "payment": "",
            "phone": "",
            "grouplink": ""
         }
      }
   },
   {
      "SID": "0BF73D9ECFA49735",
      "PAID": "",
      "data": {
         "status": false,
         "ID": "0BF73D9ECFA49735",
         "session": "name",
         "name": "Mecha BOT",
         "created_at": "2021-06-06T07:14:33.945Z",
         "number": "6285811545627@s.whatsapp.net",
         "data": {
            "name": "",
            "bulan": "",
            "payment": "",
            "phone": "",
            "grouplink": ""
         }
      }
   },
   {
      "SID": "BEA26803A4E55E1E",
      "PAID": "",
      "data": {
         "status": false,
         "ID": "BEA26803A4E55E1E",
         "session": "name",
         "name": "http://ẉa.me/BangUjay",
         "created_at": "2021-06-06T07:17:39.369Z",
         "number": "6283863873745@s.whatsapp.net",
         "data": {
            "name": "",
            "bulan": "",
            "payment": "",
            "phone": "",
            "grouplink": ""
         }
      }
   },
   {
      "SID": "4E8485922A5B19E9",
      "PAID": "",
      "data": {
         "status": false,
         "ID": "4E8485922A5B19E9",
         "session": "name",
         "name": "null",
         "created_at": "2021-06-06T09:16:58.293Z",
         "number": "6281211607023@s.whatsapp.net",
         "data": {
            "name": "",
            "bulan": "",
            "payment": "",
            "phone": "",
            "grouplink": ""
         }
      }
   }
]